id,ts,category
1,2023-10-09 05:10:55,Beauty Salons
3,2023-10-09 05:17:38,Cosmetologists
4,2023-10-09 05:17:38,Day Spas
5,2023-10-09 05:17:38,Hair Removal
6,2023-10-09 05:17:38,Hair Stylists
7,2023-10-09 05:17:38,Nail Salons
8,2023-10-09 05:17:51,Hair Supplies & Accessories
9,2023-10-09 05:17:51,Barbers
11,2023-10-09 05:17:51,Beauty Supplies & Equipment
12,2023-10-09 05:17:51,Hair Replacement
13,2023-10-09 05:17:51,Wigs & Hair Pieces
20,2023-10-09 05:18:10,Permanent Make-Up
22,2023-10-09 05:18:10,Cosmetic Services
23,2023-10-09 05:18:10,Electrolysis
26,2023-10-09 05:18:10,Lasers
27,2023-10-09 05:18:10,Wax
34,2023-10-09 05:19:18,Beauty Salon Equipment & Supplies
36,2023-10-09 05:19:18,Cosmetics & Perfumes
40,2023-10-09 05:19:36,Skin Care
47,2023-10-09 05:19:51,Wedding Supplies & Services
48,2023-10-09 05:19:51,Tattoos
50,2023-10-09 05:19:51,Body Piercing
69,2023-10-09 05:20:11,Health Resorts
70,2023-10-09 05:20:11,Massage Services
71,2023-10-09 05:20:11,Massage Therapists
75,2023-10-09 05:20:11,Tanning Salons
81,2023-10-09 05:20:20,Alternative Medicine & Health Practitioners
83,2023-10-09 05:20:20,Boutique Items
85,2023-10-09 05:20:20,Pain Management
88,2023-10-09 05:20:29,Hair Braiding
92,2023-10-09 05:20:29,Hair Weaving
110,2023-10-09 05:22:19,Health Clubs
153,2023-10-09 05:24:22,Make-Up Artists
189,2023-10-09 05:26:06,Aromatherapy
276,2023-10-09 05:27:54,Beauty Salons-Equipment & Supplies-Wholesale & Manufacturers
361,2023-10-09 05:29:53,Beauty Schools
374,2023-10-09 05:29:58,Health & Wellness Products
375,2023-10-09 05:29:58,Holistic Practitioners
376,2023-10-09 05:29:58,Tattoo Removal
384,2023-10-09 05:30:10,"Physicians & Surgeons, Weight Loss Management"
387,2023-10-09 05:30:10,Nutritionists
448,2023-10-09 05:30:31,Medical Clinics
639,2023-10-09 05:33:44,Dentists
799,2023-10-09 05:41:12,Physical Therapists
940,2023-10-09 05:44:24,Acupuncture
944,2023-10-09 05:44:24,Health & Fitness Program Consultants
956,2023-10-09 05:44:37,Medical Spas
957,2023-10-09 05:44:37,Physicians & Surgeons
958,2023-10-09 05:44:37,"Physicians & Surgeons, Dermatology"
959,2023-10-09 05:44:37,"Physicians & Surgeons, Family Medicine & General Practice"
960,2023-10-09 05:44:37,"Physicians & Surgeons, Laser Surgery"
1222,2023-10-09 05:52:31,Cosmetic Dentistry
1224,2023-10-09 05:52:31,Periodontists
1225,2023-10-09 05:52:31,"Physicians & Surgeons, Oral Surgery"
1482,2023-10-09 06:01:11,Teeth Whitening Products & Services
1643,2023-10-09 06:02:44,"Physicians & Surgeons, Plastic & Reconstructive"
1863,2023-10-09 06:04:25,Chiropractors & Chiropractic Services
1920,2023-10-09 06:04:53,Body Wrap Salons
1932,2023-10-09 06:04:55,Weight Control Services
2007,2023-10-09 06:05:47,Bridal Shops
2203,2023-10-09 06:07:43,Scalp Care
2235,2023-10-09 06:08:01,Tanners
2500,2023-10-09 06:11:58,Clinics
2587,2023-10-09 06:13:39,Department Stores
2597,2023-10-09 06:13:39,Interior Designers & Decorators
2598,2023-10-09 06:13:39,Jewelers
2600,2023-10-09 06:13:39,Portrait Photographers
2602,2023-10-09 06:13:39,Women's Clothing
2626,2023-10-09 06:13:54,Sports Medicine & Injuries Treatment
2740,2023-10-09 06:14:58,Color Consultants
2742,2023-10-09 06:14:58,Home Improvements
2743,2023-10-09 06:14:58,Home Repair & Maintenance
3751,2023-10-09 06:29:11,"Physicians & Surgeons, Cosmetic Surgery"
3752,2023-10-09 06:29:11,Reducing & Weight Control
4072,2023-10-09 06:32:23,Health & Welfare Clinics
4083,2023-10-09 06:32:25,Barber Schools
4306,2023-10-09 06:34:45,Cosmetics-Wholesale & Manufacturers
4899,2023-10-09 06:49:46,Stress Management & Prevention
5006,2023-10-09 06:55:13,Massage Schools
5099,2023-10-09 06:59:08,Gift Shops
5217,2023-10-09 07:03:43,Fashion Designers
5219,2023-10-09 07:03:43,Wedding Planning & Consultants
5231,2023-10-09 07:03:59,Wedding Photography & Videography
5301,2023-10-09 07:05:26,Fashion Consultants
5508,2023-10-09 07:10:03,Reflexologies
5617,2023-10-09 07:16:01,Schools
6947,2023-10-09 07:44:51,Personal Image Consultants
7197,2023-10-09 07:48:51,Spas & Hot Tubs
7386,2023-10-09 07:55:37,Barbers Equipment & Supplies
7864,2023-10-09 08:01:58,Fine Art Artists
7867,2023-10-09 08:01:58,Business & Vocational Schools
8418,2023-10-09 08:11:34,Online & Mail Order Shopping
8805,2023-10-09 08:17:19,Exercise & Physical Fitness Programs
9246,2023-10-09 08:23:29,Women's Fashion Accessories
9700,2023-10-09 08:37:49,Real Estate Agents
10077,2023-10-09 08:45:09,Photography & Videography
10911,2023-10-09 09:00:19,Prosthodontists & Denture Centers
12741,2023-10-09 09:43:14,Theatrical Make-Up
14937,2023-10-09 11:04:27,Educational Services
16404,2023-10-09 11:29:25,Colors & Pigments
18666,2023-10-09 12:32:13,"Physicians & Surgeons, Obstetrics"
18667,2023-10-09 12:32:13,"Physicians & Surgeons, Obstetrics And Gynecology"
18668,2023-10-09 12:32:13,"Physicians & Surgeons, Vascular Surgery"
19551,2023-10-09 13:05:06,Medical Service Organizations
19569,2023-10-09 13:05:10,Real Estate Management
19714,2023-10-09 13:07:21,Restaurants
20625,2023-10-09 13:27:21,Party Planning
21917,2023-10-09 13:43:28,Consultants Referral Service
21961,2023-10-09 13:43:59,Children's Party Planning & Entertainment
23262,2023-10-09 14:13:32,Adult Education
23265,2023-10-09 14:13:32,"Industrial, Technical & Trade Schools"
23920,2023-10-09 14:25:14,Studio Rental
23921,2023-10-09 14:25:14,Yoga Instruction
24842,2023-10-09 14:48:45,Business Coaches & Consultants
25165,2023-10-09 14:56:54,Beauty Salon Equipment Repair
28923,2023-10-09 16:25:53,Business & Vocational Management Schools
28925,2023-10-09 16:25:53,Colleges & Universities
30536,2023-10-09 17:06:30,"Party Favors, Supplies & Services"
31539,2023-10-09 17:19:32,Party & Event Planners
31747,2023-10-09 17:22:31,Personal Services & Assistants
32164,2023-10-09 17:36:58,Dental Clinics
34988,2023-10-09 18:25:58,Naturopathic Physicians (ND)
35784,2023-10-09 18:39:33,Cancer Treatment Centers
40226,2023-10-09 20:05:01,Hospitals
41072,2023-10-09 20:25:23,Essential Oils
41567,2023-10-09 20:32:16,Physical Fitness Consultants & Trainers
41726,2023-10-09 20:35:14,Shopping Centers & Malls
41735,2023-10-09 20:35:20,Personal Shopping Service
41931,2023-10-09 20:39:42,Pageant Managers & Producers
42573,2023-10-09 20:50:13,Wedding Reception Locations & Services
42586,2023-10-09 20:50:31,Weaving & Mending Service
43110,2023-10-09 21:12:04,"Art Galleries, Dealers & Consultants"
46715,2023-10-09 22:27:33,Hair Removing Equipment & Supplies
46742,2023-10-09 22:29:05,Natural Foods
50646,2023-10-10 00:08:12,"Floor Waxing, Polishing & Cleaning"
51601,2023-10-10 00:35:43,Employment Opportunities
52372,2023-10-10 00:44:43,Vitamins & Food Supplements
62090,2023-10-10 04:02:26,Notaries Public
68908,2023-10-10 06:32:01,Educational Consultants
69890,2023-10-10 06:47:23,Professional Organizations
73634,2023-10-10 08:22:28,Public Schools
76767,2023-10-10 09:14:28,African-American Goods
78330,2023-10-10 09:37:17,Colonic Irrigation
107727,2023-10-10 22:20:23,Beer & Ale
109795,2023-10-10 23:35:45,Video Production Services
111055,2023-10-11 00:20:34,Orthodontists
122737,2023-10-11 07:02:34,Used & Vintage Music Dealers
124097,2023-10-11 07:26:02,Bridal Supplies-Wholesale & Manufacturers
133901,2023-10-11 10:51:43,Costumes
134026,2023-10-11 10:54:29,Candles
139392,2023-10-11 12:29:13,Oral & Maxillofacial Surgery
174153,2023-10-12 06:38:44,Meditation Instruction
174464,2023-10-12 06:41:49,Magnets-Retail
190986,2023-10-12 14:34:34,Antiques
203928,2023-10-12 20:00:53,Computer Online Services
237213,2023-10-13 10:03:27,Employment Consultants
237214,2023-10-13 10:03:27,Genealogists
237215,2023-10-13 10:03:27,Resume Service
238717,2023-10-13 10:47:52,Baths
238731,2023-10-13 10:47:52,Watches
266389,2023-10-14 03:16:06,Apprenticeship Training Programs
268882,2023-10-14 05:21:34,Pictures
292112,2023-10-15 03:17:04,Community Organizations
301977,2023-10-18 15:47:36,Endodontists
301979,2023-10-18 15:47:36,Pediatric Dentistry
323676,2023-10-19 06:01:02,Contractors Equipment & Supplies
323680,2023-10-19 06:01:02,Painters Equipment & Supplies
387817,2023-10-22 18:53:43,Travel Services-Commercial
444973,2023-10-25 07:28:26,Clipping Service
448175,2023-10-25 08:53:13,Choreographers
479265,2023-10-26 04:09:17,Medical & Dental X-Ray Labs
479266,2023-10-26 04:09:17,Medical Imaging Services
479819,2023-10-26 04:33:29,Family Planning Information Centers
483847,2023-10-26 08:37:32,Advertising-Promotional Products
495136,2023-10-26 21:33:58,School Supplies & Services
497248,2023-10-26 23:11:40,General Merchandise-Wholesale
516751,2023-10-28 01:00:11,Government Offices
